Adam,Ake,509-999-9017,aake@roadrunner.com,MIS,Tech Support
Aaron,Baker,231-315-6747,abaker@roadrunner.com,MIS,Tech Support
Andre,Bond,317-905-0803,abond@roadrunner.com,MIS,Tech Support
Adelaida,Bragg,864-391-5677,abragg@roadrunner.com,Homeowners,Sales
Andrea,Breed,631-750-9612,abreed@roadrunner.com,Life,Sales
Ann,Davis,314-890-3602,adavis@roadrunner.com,Homeowners,Sales
Albert,Dulaney,281-716-2525,adulaney@roadrunner.com,MIS,Tech Support
Amanda,Gallo,817-446-6134,agallo@roadrunner.com,MIS,Tech Support
Amanda,Givens,530-685-9429,agivens@roadrunner.com,MIS,Tech Support
Andra,Haywood,801-908-9835,ahaywood@roadrunner.com,Life,Sales
Amalia,Hong,319-622-2854,ahong@roadrunner.com,Life,Sales
Austin,Hunt,731-358-0276,ahunt@roadrunner.com,MIS,Tech Support
Anna,Jennings,978-493-8797,ajennings@roadrunner.com,Homeowners,Sales
Allene,Jim,620-643-8991,ajim@roadrunner.com,Life,Sales
Anita,Johnson,843-774-7384,ajohnson@roadrunner.com,Life,Sales
Amy,Jones,850-343-1563,ajones@roadrunner.com,Life,Sales
Ashley,Lawson,215-497-4779,alawson@roadrunner.com,Transportation,Sales
Amanda,Lopez,949-465-1850,alopez@roadrunner.com,Investments,Sales
Amy,McClure,682-294-4325,amcclure@roadrunner.com,Transportation,Sales
Antoine,McDaniel,336-362-4136,amcdaniel@roadrunner.com,Homeowners,Sales
Alma,Moore,718-353-8402,amoore@roadrunner.com,MIS,Tech Support
Alice,Oneil,715-208-1570,aoneil@roadrunner.com,MIS,Tech Support
Anthony,Parker,217-345-5571,aparker@roadrunner.com,Transportation,Sales
Alfredo,Richardson,404-461-6538,arichardson@roadrunner.com,Life,Sales
Ann,Salas,270-784-1330,asalas@roadrunner.com,Life,Sales
Arturo,Scott,407-262-9080,ascott@roadrunner.com,MIS,Tech Support
April,Sexton,407-966-3327,asexton@roadrunner.com,Life,Sales
Alice,Starr,501-733-9741,astarr@roadrunner.com,Life,Sales
Adelina,Stephens,740-295-8392,astephens@roadrunner.com,Life,Sales
Amber,Stevenson,805-637-3848,astevenson@roadrunner.com,Life,Sales
Anne,Sumlin,830-986-4750,asumlin@roadrunner.com,Life,Sales
Aimee,Vess,518-398-7384,avess@roadrunner.com,MIS,Tech Support
Alberto,Williams,585-612-2926,awilliams@roadrunner.com,MIS,Tech Support
Alberto,Wilson,562-879-5504,awilson@roadrunner.com,MIS,Tech Support
Andrew,Workman,631-696-0484,aworkman@roadrunner.com,Homeowners,Sales
Alex,Wright,870-554-4341,awright@roadrunner.com,MIS,Tech Support