Cindy,Fleming,MIS,Tech Support,93421
Andrea,Johnson,Life,Sales,86798
Ann,Davis,Homeowners,Sales,62522
Andre,Bond,MIS,Tech Support,43092
Amanda,Gallo,MIS,Tech Support,83499
Amanda,Givens,MIS,Tech Support,54689
Andra,Haywood,Life,Sales,82841
Amalia,Hong,Life,Sales,93127
Austin,Hunt,MIS,Tech Support,84382
Allene,Jim,Life,Sales,78452
Anita,Johnson,Life,Sales,77017
Amanda,Lopez,Investments,Sales,87630
Antoine,McDaniel,Homeowners,Sales,68927
Alma,Moore,MIS,Tech Support,38521
Alice,Oneil,MIS,Tech Support,93549
Alfredo,Richardson,Life,Sales,82706
Arturo,Scott,MIS,Tech Support,40915
April,Sexton,Life,Sales,46759
Alice,Starr,Life,Sales,36802
Adelina,Stephens,Life,Sales,90659
Amber,Stevenson,Life,Sales,40466
Anne,Sumlin,Life,Sales,89434
Alberto,Williams,MIS,Tech Support,64303
Andrew,Workman,Homeowners,Sales,55600
Belle,Archie,Life,Sales,64023
Corrine,Delgado,Transportation,Sales,51932
Brittany,Buckles,MIS,Tech Support,39014
Barbara,Channel,Life,Sales,75741
Brenda,Claire,MIS,Tech Support,41603
Bridgette,Cohen,MIS,Tech Support,43227
Bryanna,Coury,Life,Sales,89120
Barbara,Dinardo,Life,Sales,53895
Brittany,Dodd,MIS,Tech Support,91232
Bruce,Gardiner,Homeowners,Sales,86135
Bennie,Glover,MIS,Tech Support,79355
Billy,Gomez,MIS,Tech Support,68860
Barbara,Hawthorne,MIS,Tech Support,69384
Barbara,Hittle,Life,Sales,56146
Barbara,Lear,MIS,Tech Support,89603
Bethany,Lee,Life,Sales,47770
Brian,Lubin,Life,Sales,37646
Barbara,Miller,Life,Sales,58184
Barbra,Poole,Investments,Sales,65119
Adam,Ake,MIS,Tech Support,68802
Christopher,Chase,MIS,Tech Support,75631
Billy,Stephens,MIS,Tech Support,83372
Bobby,Vest,MIS,Tech Support,42219
Curtis,Alam,Transportation,Sales,69412
Cory,Beale,MIS,Tech Support,91313
Chanda,Danley,Homeowners,Sales,75048
Cynthia,Bulluck,Transportation,Sales,58328
Cherie,Calhoun,Life,Sales,63290
Clarence,Filer,Homeowners,Sales,62106
Chieko,Cole,Homeowners,Sales,71445
Aimee,Vess,MIS,Tech Support,42788
Betty,Redfield,MIS,Tech Support,52520
Beatrice,Hull,Life,Sales,49383
Alex,Wright,MIS,Tech Support,53271
Anna,Jennings,Homeowners,Sales,62549
Aaron,Hong,MIS,Tech Support,84584
Anthony,Parker,Transportation,Sales,72213
Bill,Barnes,Life,Sales,89476
Brian,Sanchez,Life,Sales,90475
Alberto,Wilson,MIS,Tech Support,82849
Ann,Salas,Life,Sales,73503
Adelaida,Bragg,Homeowners,Sales,79675
Albert,Dulaney,MIS,Tech Support,83926
Amy,McClure,Transportation,Sales,92089
Amy,Jones,Life,Sales,75043
Ashley,Moore,Transportation,Sales,57562
Charles,Ellis,Investments,Sales,52835
Caroline,Cox,Life,Sales,62851
Charles,Brendel,MIS,Tech Support,78545
